Wavelength (nm),Corrected Intensity
187.826095581,0.778064496853
188.173980713,0.778064496853
188.521789551,1.10183365028
188.869552612,1.084226889
189.21723938,1.05480164026
189.564849854,1.27689433684
189.912414551,1.08189678264
190.259902954,0.732429198353
190.607330322,0.856955013359
190.954696655,1.25009162477
191.301986694,0.939114595737
191.649215698,1.05938701667
191.996383667,1.16840824546
192.343475342,1.04501276726
192.69052124,0.881111579312
193.037490845,0.732419416434
193.384399414,0.952482502966
193.731231689,0.995610288183
194.078018188,0.94529179546
194.424728394,0.885499240988
194.771362305,0.863331780828
195.117950439,0.968542608408
195.46446228,0.926682356869
195.810913086,1.17947929945
196.157302856,1.15070953864
196.503631592,0.888703661224
196.849884033,0.932890817431
197.196075439,0.989172321758
197.542205811,1.22116704518
197.888275146,1.22873273822
198.234268188,1.16077670598
198.580215454,1.23266948189
198.926086426,1.12546200488
199.271881104,1.01026373993
199.617630005,1.11089948806
199.963302612,1.14968186067
200.308929443,1.1139229272
200.654464722,0.974136224357
200.999954224,0.63864947117
201.34538269,0.761784025993
201.690734863,1.09431708066
202.036026001,1.06996394535
202.381256104,1.00559792205
202.726425171,1.1787140909
203.071517944,1.15069767449
203.416564941,1.00401890377
203.761535645,1.11106473853
204.106445312,1.06030673773
204.451293945,0.926170599584
204.796066284,1.00968703913
205.140777588,1.09249508166
205.485443115,1.115226978
205.830032349,1.07587098042
206.174545288,1.1708673475
206.519012451,1.36264726196
206.863418579,1.17193603381
207.207748413,0.936221960861
207.552017212,1.03110851551
207.896224976,0.892354606385
208.240371704,0.739048428067
208.584457397,1.09839307245
208.928466797,1.39127254584
209.27243042,0.968785459252
209.616317749,1.03213639752
209.960144043,1.33508418002
210.303894043,0.897082009512
210.647598267,0.801057495644
210.991241455,0.912537185248
211.33480835,1.13026213896
211.678329468,1.29628102735
212.021774292,1.13505851227
212.365158081,1.22282437517
212.708480835,0.728437297107
213.051727295,0.760308464899
213.394927979,1.33514767781
213.738067627,1.30100887765
214.081130981,0.930363360021
214.424133301,1.08971719474
214.767074585,0.907921906488
215.109954834,0.627186209249
215.452774048,0.770205610313
215.795532227,0.623796725619
216.13822937,0.669147619171
216.48085022,0.982409597794
216.823425293,1.03602030384
217.165924072,0.930363938925
217.508361816,1.05167886116
217.850738525,1.15888416296
218.193054199,0.861784224592
218.535308838,0.920146630429
218.877502441,1.0705475264
219.21963501,1.01599701132
219.561691284,1.08091570019
219.903686523,1.00359280067
220.245635986,0.997387702014
220.587509155,0.849521287727
220.929321289,0.839585003243
221.271087646,1.26364982066
221.61277771,1.15441529334
221.954406738,0.897773354604
222.295974731,0.784017785781
222.637481689,0.755721694191
222.978912354,0.990679320032
223.320297241,0.947431691016
223.661621094,1.05881411109
224.002868652,1.0266703788
224.344070435,0.911608187327
224.685195923,0.996217980642
225.026275635,1.21592062872
225.367279053,1.25018885259
225.708221436,1.01384863173
226.049102783,1.35881419482
226.389923096,1.35114570921
226.730682373,0.892379886957
227.071380615,1.02079828264
227.412033081,1.01805375406
227.752593994,0.565183190605
228.093109131,0.758543294883
228.433563232,1.17112875847
228.773956299,1.26410425835
229.11428833,1.13448048962
229.454559326,1.55310646613
229.794769287,1.19745363892
230.134902954,1.56141810705
230.474990845,1.32682214263
230.815002441,0.876148606247
231.154968262,0.886426207823
231.494873047,0.908394677172
231.834716797,0.996836583724
232.174484253,1.66325562901
232.514190674,2.02707030508
232.853851318,1.26921774489
233.193450928,1.54124253737
233.532974243,1.08548410152
233.872451782,0.829774311467
234.211853027,0.852823393516
234.551208496,1.05585644326
234.89050293,1.10498423899
235.229721069,1.07427342683
235.568878174,1.13393359059
235.907989502,0.898805901878
236.247039795,0.811083290143
236.586013794,1.07090585133
236.924942017,1.23457120319
237.263793945,1.30300349554
237.602600098,1.43080728642
237.941345215,1.89617258987
238.280014038,1.36515578455
238.618637085,1.06665660972
238.957199097,0.752496818687
239.295684814,0.729518326379
239.634124756,0.982657528871
239.972503662,1.09362170872
240.310821533,0.906470728167
240.649078369,0.827527753416
240.98727417,1.01436161029
241.325408936,0.862258699256
241.663482666,0.582700427872
242.001495361,0.738127155752
242.339447021,1.30340407079
242.677337646,0.938784122316
243.015167236,0.81523620207
243.352935791,1.16080917013
243.690643311,1.06786568706
244.028305054,1.07172233352
244.365905762,1.53868959572
244.703430176,1.20890621799
245.040893555,0.982159268833
245.378311157,1.17844185029
245.715667725,1.07174623773
246.052947998,1.33889270376
246.390182495,1.23030504887
246.727355957,1.08586605506
247.064468384,1.99112461004
247.401519775,2.03317637596
247.738510132,0.996308674245
248.075439453,1.12254912359
248.412322998,1.84150886703
248.749130249,1.47770504454
249.085876465,1.99006345898
249.422576904,1.65378986707
249.759216309,1.7616229624
250.095794678,2.04374004719
250.432312012,1.21765846413
250.768768311,1.18330832418
251.105163574,1.32690607591
251.441497803,1.45846699799
251.777770996,1.21518857717
252.113983154,1.58798328433
252.450134277,2.12988444071
252.786254883,1.23125093076
253.122283936,0.860618281663
253.458267212,0.75589351324
253.794189453,1.29350370502
254.1300354,1.34484804816
254.46585083,1.46919337311
254.801605225,1.56268650973
255.137283325,1.2279651934
255.472900391,1.44228903227
255.80847168,1.33909301343
256.143981934,1.96009821649
256.479431152,1.67765744273
256.814819336,1.48648190738
257.150146484,2.6711302103
257.485412598,2.17889143064
257.820617676,4.48513234097
258.155792236,229.104676133
258.490875244,-4.90251993818
258.825927734,-2.83128143307
259.160888672,-1.14042327894
259.495819092,-0.886793111174
259.830688477,-0.943411957754
260.165496826,-0.388923088081
260.500244141,-0.249666858899
260.834899902,-0.218718574156
261.169555664,-0.178880915337
261.504119873,-0.182659016637
261.838623047,-0.111192917717
262.173065186,-0.0964176636371
262.507446289,-0.134026181318
262.841796875,-0.128846609631
263.176086426,-0.0970402575113
263.510314941,-0.0786203091634
263.844451904,-0.0824721394333
264.17855835,-0.0781232986759
264.51260376,-0.061739696676
264.846588135,-0.0584392422747
265.180511475,-0.0638374153311
265.514373779,-0.0533416258809
265.848205566,-0.0430210914078
266.181945801,-0.0404351060483
266.515625,-0.0446999101971
266.849273682,-0.0399741266917
267.182861328,-0.020293050843
267.516387939,-0.0306905069131
267.849853516,-0.0427016519553
268.183258057,-0.0454505000965
268.516601562,-0.0330740532206
268.849884033,-0.0243450998267
269.183105469,-0.0277666914369
269.516296387,-0.0260224307686
269.84942627,-0.0283091323678
270.1824646,-0.0281008488478
270.515472412,-0.025941385255
270.848419189,-0.0218415610402
271.181304932,-0.0240817328668
271.514129639,-0.0302633965738
271.846923828,-0.0273092112293
272.179626465,-0.0204796434416
272.512268066,-0.023466423161
272.84487915,-0.0200234130148
273.177429199,-0.0157231700919
273.509887695,-0.0159930667485
273.842315674,-0.016021968972
274.174682617,-0.0175430282101
274.507019043,-0.0177173458335
274.839263916,-0.0239926878487
275.171478271,-0.0234312918267
275.503601074,-0.021133692986
275.835693359,-0.0210062524872
276.167724609,-0.01619159801
276.499694824,-0.0139605127854
276.831604004,-0.0121800553814
277.163452148,-0.0125605848261
277.495269775,-0.0167658152029
277.82699585,-0.016865499706
278.158691406,-0.0165380994765
278.490325928,-0.0193516734649
278.821899414,-0.0164525670738
279.153411865,-0.0160195587534
279.484863281,-0.0154218140556
279.816253662,-0.0135445025928
280.147613525,-0.0161411541796
280.478912354,-0.0158829756076
280.810119629,-0.0130583776154
281.141296387,-0.0147141967299
281.472412109,-0.0194264936678
281.803497314,-0.0200377204484
282.134490967,-0.0173037504063
282.465454102,-0.0182523060908
282.796325684,-0.0142280444116
283.127166748,-0.0138197554277
283.457946777,-0.0153646726601
283.788696289,-0.0149923922925
284.119354248,-0.0143344465917
284.449951172,-0.0127693749142
284.780517578,-0.016270283543
285.111022949,-0.016498662315
285.441467285,-0.0124375961816
285.771850586,-0.00895830147142
286.102172852,-0.0116495890787
286.432434082,-0.0126030696188
286.762664795,-0.0121423622755
287.092834473,-0.0126047743829
287.422943115,-0.0125905136368
287.752990723,-0.0126233696882
288.082977295,-0.0103892770331
288.41293335,-0.0137147850991
288.742797852,-0.0153534761977
289.072631836,-0.016859442726
289.402404785,-0.017621090032
289.732116699,-0.0132243917885
290.061767578,-0.0155387034283
290.391387939,-0.0140395395774
290.720947266,-0.00662645850592
291.050415039,-0.0100453799603
291.379852295,-0.0146736685629
291.709228516,-0.0111706550089
292.038574219,-0.0104386057383
292.367858887,-0.011390252915
292.697052002,-0.0118748572389
293.0262146,-0.00977166179936
293.35534668,-0.0131068852904
293.684387207,-0.0142653252968
294.013366699,-0.0127875937078
294.342315674,-0.016412845392
294.671203613,-0.0140818469952
295.000030518,-0.0121176056984
295.328796387,-0.0120906400127
295.657531738,-0.0125144277285
295.986175537,-0.0127743697996
296.314788818,-0.0126002353714
296.643341064,-0.0123810149098
296.971832275,-0.0144754009339
297.300292969,-0.0106318268473
297.628662109,-0.00897176589572
297.957000732,-0.0103148805943
298.28527832,-0.00896402478702
298.613525391,-0.01236340245
298.941680908,-0.0112631743345
299.269775391,-0.010566991004
299.597839355,-0.0119996691368
299.925842285,-0.0138061930374
300.25378418,-0.013979357152
300.581695557,-0.0093329710687
300.909545898,-0.0097101219063
301.237304688,-0.0127433969801
301.565063477,-0.0125730843555
301.892730713,-0.0129544570726
302.220336914,-0.0136130672154
302.547912598,-0.0146966055429
302.875427246,-0.0121518066284
303.202880859,-0.00828908518492
303.530273438,-0.0107315982084
303.857635498,-0.0102697690137
304.184936523,-0.0120360407472
304.512176514,-0.00961345416257
304.839355469,-0.00404434721389
305.166503906,-0.00830706907901
305.493591309,-0.0113193659538
305.820617676,-0.0126712625481
306.147583008,-0.0123697194867
306.474487305,-0.0106743922795
306.801361084,-0.00986791478972
307.128173828,-0.00960477992436
307.454925537,-0.0100107987776
307.781616211,-0.0121111106694
308.108276367,-0.0131491518551
308.434844971,-0.00908958092019
308.761383057,-0.00988679354964
309.087890625,-0.0120351160951
309.414306641,-0.0103873078308
309.740692139,-0.0101240163118
310.067016602,-0.00903573244839
310.393280029,-0.00668076801615
310.719512939,-0.0115593067781
311.045654297,-0.0173043586489
311.371765137,-0.0145730266017
311.697814941,-0.0116843205211
312.023834229,-0.00929191630797
312.34979248,-0.00631332965466
312.67565918,-0.00844190488474
313.001525879,-0.011615300212
313.327301025,-0.00853813800492
313.653045654,-0.00774221115095
313.978729248,-0.00889031141549
314.304351807,-0.0040941850432
314.62991333,-0.00219672823253
314.955444336,-0.0016931058386
315.280914307,0.00460508469109
315.606323242,0.00668651759668
315.93170166,0.00941912527517
316.257019043,0.0173394712675
316.582275391,0.0241486987615
316.907470703,0.0300743458716
317.23260498,0.0373835813337
317.55770874,0.0431458863828
317.882751465,0.0536056811315
318.207733154,0.0621246511892
318.532684326,0.0653906203305
318.857543945,0.0774261014447
319.182403564,0.0876511871775
319.507171631,0.091956620018
319.83190918,0.100445734223
320.156555176,0.112207613988
320.481201172,0.125324848769
320.805786133,0.135331493451
321.130279541,0.140136292319
321.454742432,0.151287435957
321.779174805,0.157477989608
322.103515625,0.159822440993
322.42779541,0.169777740287
322.752075195,0.18224003285
323.076293945,0.189080937857
323.400421143,0.192480288614
323.72454834,0.200982803668
324.048553467,0.208139846772
324.372558594,0.213291087876
324.696472168,0.215093416524
325.020385742,0.218480696111
325.344238281,0.22846363134
325.667999268,0.23249040069
325.991729736,0.233160634873
326.315429688,0.240482942631
326.639038086,0.246336827655
326.962615967,0.248618951966
327.286132812,0.255110782678
327.609588623,0.256699284676
327.933044434,0.257383529074
328.256378174,0.25926335859
328.579711914,0.258797653346
328.902954102,0.262634840977
329.226165771,0.262418471716
329.549316406,0.262163814203
329.872436523,0.270045126993
330.195495605,0.269830090223
330.518493652,0.264605290725
330.841430664,0.269576077171
331.164367676,0.280583905629
331.487182617,0.282266029542
331.809997559,0.27600249682
332.132751465,0.281234142338
332.455444336,0.277289515518
332.778076172,0.277733682549
333.10067749,0.282575219909
333.423217773,0.279645762535
333.745697021,0.279888789215
334.068115234,0.273397954671
334.390533447,0.275782884743
334.712860107,0.288651766431
335.03515625,0.292426238455
335.35736084,0.288891825293
335.67956543,0.289494833451
336.001678467,0.288737431647
336.323760986,0.28647046973
336.645812988,0.284672687101
336.967773438,0.27374412196
337.289672852,0.275682558199
337.611572266,0.28330620894
337.933410645,0.286580309973
338.255157471,0.292679383636
338.576904297,0.288344831065
338.89855957,0.286131572934
339.220184326,0.2869130799
339.541748047,0.287101621089
339.86328125,0.289886351639
340.184753418,0.291640219424
340.506164551,0.296655903438
340.827514648,0.298798001967
341.148834229,0.291123642214
341.470092773,0.290006903333
341.791320801,0.288613236666
342.112487793,0.293204008771
342.43359375,0.300199273591
342.754638672,0.292775699366
343.075683594,0.290402140097
343.396606445,0.297538984584
343.717529297,0.304312911355
344.038391113,0.298704421946
344.359191895,0.29086777221
344.679992676,0.293026797228
345.000671387,0.297974470745
345.321350098,0.303652716641
345.641967773,0.299116839859
345.962524414,0.293931967009
346.28302002,0.290627653929
346.603485107,0.284830418992
346.92388916,0.283461420837
347.244262695,0.293792107842
347.564575195,0.299237886087
347.88482666,0.293270179284
348.20501709,0.292208305019
348.52520752,0.290930742238
348.845306396,0.292134832318
349.165374756,0.296740977446
349.48538208,0.290167164669
349.805358887,0.290552232918
350.125244141,0.299056556297
350.445129395,0.297124153383
350.764923096,0.295433764385
351.084716797,0.285437049679
351.404418945,0.287348267927
351.724060059,0.298195383215
352.043670654,0.30278986482
352.363220215,0.299867004785
352.682739258,0.294946431764
353.002227783,0.29658755494
353.321624756,0.296783076374
353.640991211,0.288972517386
353.960327148,0.288638388912
354.279602051,0.295764841614
354.598815918,0.298653606646
354.91796875,0.307794628369
355.237121582,0.314216540255
355.556152344,0.311739911167
355.875183105,0.311558388727
356.194152832,0.317666875914
356.513092041,0.315350487582
356.831970215,0.319075149792
357.150787354,0.324149423527
357.469543457,0.325530356016
357.788269043,0.326184434161
358.106964111,0.322920595361
358.425598145,0.328083269962
358.74420166,0.332974336812
359.062713623,0.329268626496
359.381195068,0.336167198819
359.699645996,0.345070208585
360.018005371,0.353306830916
360.336364746,0.360052824504
360.654663086,0.356035512651
360.972869873,0.360714819927
361.29107666,0.370395400399
361.609191895,0.379093984103
361.927307129,0.379132210175
362.245361328,0.375193682091
362.563354492,0.38020622841
362.881286621,0.387794364568
363.199188232,0.392241488427
363.517059326,0.398465239357
363.834838867,0.40357073199
364.152587891,0.414527029998
364.470336914,0.427455203334
364.787963867,0.427518360351
365.10559082,0.423558709328
365.423156738,0.429716360447
365.740661621,0.440614547726
366.058105469,0.450325453933
366.375549316,0.447234027137
366.692932129,0.447575762731
367.010253906,0.465695920775
367.327514648,0.468731633414
367.644744873,0.470642572639
367.961914062,0.480700935221
368.279052734,0.478096493906
368.596130371,0.473017585571
368.913146973,0.477452882995
369.230163574,0.486088296433
369.547088623,0.490535956714
369.863983154,0.489848260149
370.180847168,0.489622918024
370.497619629,0.505401466567
370.81439209,0.518497114129
371.131072998,0.507300123647
371.447723389,0.505125800406
371.764343262,0.513313653725
372.080871582,0.51500278234
372.397399902,0.523900795114
372.713867188,0.532026193885
373.030273438,0.525691732972
373.34664917,0.522152290118
373.662963867,0.523982218916
373.979248047,0.521043130245
374.295471191,0.517937291598
374.611633301,0.531679518411
374.92779541,0.526465881346
375.243865967,0.526385249739
375.559875488,0.551358516749
375.87588501,0.554574328012
376.191833496,0.548921100045
376.507751465,0.557711588341
376.823577881,0.56557743047
377.139373779,0.558593605227
377.45513916,0.56117524591
377.770843506,0.563280266663
378.086486816,0.549313153265
378.402099609,0.555197106238
378.717712402,0.567895396511
379.033203125,0.563116844962
379.348693848,0.566862942496
379.664123535,0.576491904179
379.979492188,0.581508362462
380.294830322,0.580288142906
380.610107422,0.585959172911
380.925354004,0.59255716423
381.240539551,0.592630659079
381.55569458,0.603436112747
381.870788574,0.603337180951
382.185852051,0.595523373728
382.500854492,0.594710135936
382.815826416,0.596035765064
383.130737305,0.598130053605
383.445617676,0.603521373975
383.760437012,0.609457420509
384.075195312,0.60695737046
384.389953613,0.618342670403
384.704650879,0.632224995465
385.019287109,0.627106894698
385.333862305,0.618928857433
385.648376465,0.624966493002
385.962890625,0.625383901312
386.27734375,0.622352326118
386.59173584,0.622575409824
386.90612793,0.62904485739
387.220458984,0.620738635939
387.534729004,0.612334895812
387.848937988,0.626657533312
388.163116455,0.64601785761
388.477233887,0.651283184935
388.791320801,0.654174558258
389.105377197,0.658277013893
389.419372559,0.641618148421
389.733337402,0.6441978085
390.047241211,0.664050371966
390.361083984,0.65921194349
390.67489624,0.660564710367
390.988647461,0.671077632655
391.302368164,0.657780051591
391.61605835,0.658037849965
391.9296875,0.676394578867
392.243286133,0.667619480169
392.55682373,0.659183038517
392.870300293,0.67395189536
393.183776855,0.67670777272
393.497161865,0.686664941211
393.810546875,0.688045444559
394.123840332,0.68270028289
394.437103271,0.683752651741
394.750335693,0.685562505748
395.06350708,0.685547731127
395.376647949,0.678995564528
395.689727783,0.695477611302
396.0027771,0.697958722439
396.315734863,0.684605030074
396.628723145,0.682854559675
396.941619873,0.700310428242
397.254486084,0.699535129586
397.56729126,0.683697306065
397.880065918,0.704874738197
398.192810059,0.699247209637
398.505493164,0.681725225976
398.818115234,0.694054689288
399.130737305,0.704960708288
399.443267822,0.703992325097
399.755767822,0.699250828124
400.068237305,0.699956524966
400.38067627,0.693154478344
400.693023682,0.688633821027
401.005340576,0.691917318119
401.317626953,0.699524990112
401.629852295,0.70585345973
401.942077637,0.704084932252
402.254211426,0.700557371426
402.566314697,0.703647449444
402.878356934,0.711464936809
403.190368652,0.71069536436
403.502349854,0.704003985637
403.81427002,0.704576497482
404.126159668,0.703743762783
404.437988281,0.711247327027
404.749786377,0.721108070484
405.061523438,0.706374630055
405.373260498,0.704966925795
405.684906006,0.705513227019
405.996520996,0.70525912333
406.308105469,0.723125944863
406.619628906,0.728317956842
406.931121826,0.713944271031
407.242553711,0.718669362685
407.553955078,0.730367378912
407.86529541,0.721258117412
408.176635742,0.706969028126
408.487915039,0.709120235175
408.799133301,0.715127165306
409.110290527,0.713014517276
409.421447754,0.70711825891
409.732513428,0.698442456772
410.043579102,0.705862034982
410.354553223,0.724823212234
410.665527344,0.712725472628
410.97644043,0.687642580799
411.287353516,0.699476712637
411.598144531,0.725484021642
411.908935547,0.721322777096
412.219665527,0.712238782187
412.530395508,0.733662515291
412.841064453,0.742083931492
413.151672363,0.7285030888
413.462219238,0.731966200477
413.772766113,0.737184326971
414.083251953,0.721614879022
414.393676758,0.710659617317
414.704101562,0.716390630891
415.014465332,0.723700469327
415.324768066,0.737034982243
415.635009766,0.732438981729
415.945251465,0.711351882908
416.255432129,0.718004405259
416.565582275,0.719471799345
416.875671387,0.721497347877
417.18572998,0.732502993232
417.495727539,0.737722479581
417.805725098,0.733882030847
418.115631104,0.725146537577
418.425537109,0.707681806707
418.735351562,0.721954189017
419.045166016,0.756223924537
419.354919434,0.739438437331
419.664611816,0.73510324742
419.974304199,0.734018839216
420.283935547,0.721410303061
420.593505859,0.725639244139
420.903076172,0.735603355127
421.212554932,0.724242712305
421.522033691,0.726108835742
421.831420898,0.730905120033
422.140808105,0.73818041816
422.450134277,0.7389844462
422.759429932,0.719514700696
423.068664551,0.723554644147
423.377868652,0.749207632389
423.687011719,0.761410176536
423.996154785,0.733750849023
424.305236816,0.739334482971
424.61428833,0.749595747261
424.923278809,0.742038405108
425.23223877,0.743479004837
425.541137695,0.748948291677
425.850006104,0.745724668783
426.158843994,0.741287569526
426.467590332,0.757174872866
426.776367188,0.741410928122
427.08505249,0.727569640809
427.393707275,0.749577150176
427.702331543,0.760645439223
428.010894775,0.763178286415
428.31942749,0.735968904966
428.627929688,0.717024699245
428.936401367,0.740005652886
429.244812012,0.757889851687
429.553161621,0.762606568247
429.861480713,0.750657343104
430.169769287,0.73072505705
430.478027344,0.738528491993
430.786224365,0.745652947209
431.094360352,0.765618424851
431.402496338,0.773708133932
431.710571289,0.753833771372
432.018615723,0.733796489791
432.326599121,0.724966789855
432.634552002,0.737547986983
432.942443848,0.738144852985
433.250335693,0.739629385303
433.558166504,0.745155054013
433.865966797,0.752502285842
434.173706055,0.757732019638
434.481384277,0.751120240698
434.7890625,0.758159139411
435.096710205,0.774720699492
435.404296875,0.770725371183
435.71182251,0.768004029236
436.019348145,0.767953750731
436.326782227,0.747121207436
436.634216309,0.738279301473
436.941589355,0.766923521964
437.248931885,0.78391509375
437.556213379,0.7617809324
437.863464355,0.752466946449
438.170684814,0.752772450145
438.477844238,0.743805398551
438.78503418,0.775663604936
439.092102051,0.782146106138
439.399169922,0.760557432656
439.706176758,0.769816588663
440.013153076,0.758427311015
440.320068359,0.76325290461
440.626953125,0.772737163159
440.933837891,0.762296571284
441.240631104,0.768680211815
441.547424316,0.769200243626
441.854125977,0.769000013498
442.160827637,0.780944590858
442.467468262,0.795353596885
442.774108887,0.778520840721
443.080657959,0.765858100719
443.387207031,0.780389563851
443.693664551,0.786670505701
444.00012207,0.792834454217
444.306518555,0.779653932736
444.612915039,0.759507158993
444.919250488,0.762663529006
445.225524902,0.767805641249
445.531799316,0.773720136477
445.838012695,0.770739478716
446.144165039,0.773945970891
446.450317383,0.77424675933
446.756408691,0.767702051216
447.062438965,0.763496729809
447.368408203,0.760015512836
447.674438477,0.748632764262
447.98034668,0.757122240851
448.286254883,0.80192402992
448.592102051,0.779355826183
448.897888184,0.754212694134
449.203674316,0.764038446401
449.509460449,0.773216422548
449.815124512,0.762178105786
450.120788574,0.753173611296
450.426391602,0.773934926403
450.731994629,0.760267826156
451.037536621,0.744992952611
451.343017578,0.758844592718
451.6484375,0.775090990672
451.953857422,0.762872235776
452.259277344,0.752375341898
452.56463623,0.768302704416
452.869934082,0.776982420797
453.175170898,0.778974974849
453.480407715,0.775012138651
453.785583496,0.766790131994
454.090698242,0.775475175865
454.395812988,0.791868518631
454.700927734,0.770134837552
455.00592041,0.7568898341
455.310913086,0.789108318787
455.615905762,0.776313403691
455.920776367,0.770353082356
456.225646973,0.784981701532
456.530517578,0.768439652804
456.835327148,0.764774564672
457.140075684,0.763483584778
457.444763184,0.756698589088
457.749450684,0.769555326042
458.054077148,0.769794667819
458.358703613,0.775453564663
458.663269043,0.794053283207
458.967773438,0.792115026
459.272277832,0.771387363027
459.576721191,0.767065737964
459.881164551,0.782954497916
460.185546875,0.787507091381
460.489868164,0.77430798722
460.794189453,0.764791478728
461.098449707,0.769214243606
461.402648926,0.77562040679
461.706848145,0.794832983149
462.010986328,0.788505228306
462.315063477,0.769724981234
462.619140625,0.775190715531
462.923156738,0.784026511104
463.227172852,0.781738200521
463.53112793,0.774052324778
463.835021973,0.793590032368
464.138916016,0.801199053413
464.442749023,0.785499261773
464.746582031,0.79511747056
465.050292969,0.78346051132
465.354064941,0.773342093046
465.657714844,0.777515123841
465.961425781,0.782581201851
466.265014648,0.783490479405
466.568603516,0.771520361402
466.872131348,0.777766402577
467.17565918,0.791471984774
467.479064941,0.806108330732
467.782531738,0.791592592819
468.0859375,0.767847989983
468.389282227,0.775716552312
468.692565918,0.78575506917
468.995849609,0.792734319571
469.299072266,0.799848249279
469.602294922,0.791395744546
469.905456543,0.771405515486
470.208557129,0.779988633676
470.511657715,0.784206207777
470.814697266,0.770459495772
471.117736816,0.80496422765
471.420715332,0.83377589808
471.723693848,0.809908395937
472.026550293,0.772235969826
472.329406738,0.779870444619
472.632263184,0.80080287989
472.935058594,0.799839778861
473.237792969,0.785118004462
473.540527344,0.778240172397
473.843200684,0.779984601537
474.145874023,0.776315584305
474.448486328,0.783265082212
474.751037598,0.797937342158
475.053588867,0.79424521902
475.356079102,0.765565246921
475.658569336,0.763276100542
475.9609375,0.783978128154
476.263366699,0.803401401115
476.565673828,0.808658625653
476.867980957,0.78408348774
477.170288086,0.782935721632
477.47253418,0.788161060557
477.774719238,0.788298478418
478.076904297,0.811808497737
478.37902832,0.818088640084
478.681152344,0.801403234801
478.983154297,0.790402397618
479.285217285,0.790125416064
479.587219238,0.785092030268
479.889160156,0.763699174767
480.191101074,0.782241383503
480.492980957,0.782967223712
480.794799805,0.791035384405
481.096618652,0.81284927684
481.398376465,0.809435479084
481.700073242,0.795254522368
482.001831055,0.770602213192
482.303466797,0.791771498714
482.605102539,0.79672791849
482.906677246,0.795258306627
483.208251953,0.797013688608
483.509765625,0.78597571291
483.811218262,0.801128431762
484.112670898,0.811776902556
484.414123535,0.806629539307
484.715515137,0.800648624389
485.016845703,0.804277360166
485.318115234,0.802015233532
485.619384766,0.789419796808
485.920654297,0.790232018827
486.221801758,0.800087964937
486.523010254,0.798771861348
486.824157715,0.800557660728
487.125183105,0.820809859062
487.426269531,0.828028218572
487.727294922,0.806757005057
488.028259277,0.780578487118
488.329223633,0.772346760879
488.630126953,0.819097344505
488.931030273,0.827670705992
489.231872559,0.802994933805
489.532653809,0.799553410495
489.833435059,0.797608933338
490.134155273,0.802304248039
490.434875488,0.785540197442
490.735534668,0.786453692986
491.036193848,0.781312525848
491.336791992,0.763084995725
491.637329102,0.773874966801
491.937866211,0.799297077035
492.23840332,0.793982558809
492.538818359,0.77706633276
492.839233398,0.788006846396
493.139648438,0.820853621859
493.440002441,0.786584885635
493.740356445,0.784886413813
494.040588379,0.822388657345
494.340820312,0.804697453313
494.641052246,0.800958394432
494.941223145,0.806066429407
495.241394043,0.800665962685
495.541503906,0.795700808805
495.841552734,0.780055751771
496.141601562,0.780303222618
496.441650391,0.800178582284
496.741577148,0.812623387557
497.041564941,0.798065030497
497.341430664,0.797211473403
497.641296387,0.790383843306
497.941162109,0.77654043456
498.240966797,0.790545010175
498.540710449,0.822948849436
498.840454102,0.833528409086
499.140136719,0.829193843196
499.439819336,0.837493325986
499.739440918,0.81708277601
500.0390625,0.80705506472
500.338623047,0.810309649909
500.638122559,0.80150592471
500.93762207,0.81337419758
501.237060547,0.811967269657
501.536560059,0.785995145101
501.8359375,0.807227242204
502.135314941,0.808097418836
502.434631348,0.79014061926
502.733886719,0.784939150283
503.03314209,0.771386775746
503.332397461,0.799308752625
503.631591797,0.799541670897
503.930725098,0.78831985601
504.229858398,0.806895253629
504.528930664,0.787351530989
504.82800293,0.788130591167
505.12701416,0.806215477619
505.426025391,0.820572716139
505.724975586,0.810357366955
506.023925781,0.798797713193
506.322753906,0.821727728737
506.621643066,0.783892036928
506.920471191,0.764239665317
507.219238281,0.794172483994
507.518005371,0.811467652334
507.816711426,0.804148177098
508.11541748,0.802544765949
508.4140625,0.826679891495
508.71270752,0.831828866079
509.011291504,0.808168010879
509.309875488,0.804851306976
509.608337402,0.806657571474
509.906860352,0.792793109019
510.205322266,0.837107759275
510.503723145,0.842693001778
510.802124023,0.793332242597
511.100463867,0.798401547322
511.398803711,0.808576242217
511.69708252,0.790547526407
511.995361328,0.79151119143
512.293579102,0.802999620709
512.591796875,0.788824055047
512.889953613,0.800778758444
513.188049316,0.822427365856
513.486206055,0.810422859258
513.784240723,0.827140194287
514.082275391,0.797771645257
514.380249023,0.78242553115
514.678222656,0.811636169877
514.976135254,0.810833821907
515.274047852,0.817512187536
515.571960449,0.841903685036
515.869750977,0.832116483022
516.167602539,0.807300144034
516.465332031,0.787884040781
516.763122559,0.787620681212
517.060852051,0.813801232121
517.358520508,0.802967637084
517.65612793,0.811992609914
517.953735352,0.808236224492
518.251342773,0.821420438841
518.54888916,0.846889632076
518.846374512,0.829529999221
519.143859863,0.829764452554
519.441345215,0.805171805612
519.738708496,0.807907787161
520.036132812,0.818028628891
520.333496094,0.808559757489
520.63079834,0.850072425309
520.928100586,0.846879188331
521.225341797,0.861283961517
521.522583008,0.836587760698
521.819763184,0.803593031441
522.116943359,0.841104000706
522.4140625,0.842650049938
522.711181641,0.804692605275
523.008239746,0.809188555722
523.305297852,0.828893265046
523.602294922,0.80167785398
523.899291992,0.772928682436
524.196228027,0.784779227868
524.493103027,0.808275780381
524.790039062,0.791656263828
525.086853027,0.792188926204
525.383666992,0.824719432436
525.680480957,0.844624668589
525.977233887,0.825844011041
526.273925781,0.824491607052
526.570678711,0.818499299565
526.86730957,0.797556231813
527.16394043,0.809854126201
527.460571289,0.811602937038
527.757141113,0.798189426492
528.053649902,0.834577911916
528.350158691,0.841562693485
528.646606445,0.832313337834
528.943115234,0.797040147148
529.239501953,0.762305314897
529.535888672,0.806300366484
529.832275391,0.857167478778
530.128540039,0.815458112561
530.424865723,0.757661679777
530.721130371,0.813217943513
531.017333984,0.828474265786
531.313537598,0.780506240252
531.609680176,0.78506078537
531.905822754,0.811012703411
532.201965332,0.791702027459
532.498046875,0.768356430901
532.794067383,0.831492566305
533.090087891,0.893312483881
533.386047363,0.913318236453
533.682006836,0.855628396341
533.977966309,0.79581432382
534.273864746,0.829051720455
534.569702148,0.863246001429
534.865539551,0.89491665489
535.161315918,0.888484261629
535.45715332,0.791618553521
535.752868652,0.803327121941
536.048583984,0.834687677131
536.344238281,0.793066997349
536.639892578,0.799004120508
536.935546875,0.835484139463
537.231079102,0.828589274699
537.526672363,0.785105411531
537.82220459,0.821629477025
538.117736816,0.831076933597
538.413208008,0.821974992495
538.708618164,0.855619108375
539.00402832,0.836437072118
539.299438477,0.848250332974
539.594787598,0.865369763723
539.890075684,0.841353322295
540.18536377,0.871403132712
540.480651855,0.912056089935
540.775878906,0.887038323763
541.071105957,0.855880119782
541.366271973,0.838509284277
541.661376953,0.839125918854
541.956542969,0.85849386981
542.251647949,0.839959382618
542.546691895,0.850656442965
542.841674805,0.845068319424
543.13671875,0.820000472509
543.43170166,0.839654224289
543.726623535,0.855840759409
544.02154541,0.877561348131
544.31640625,0.87445950041
544.61126709,0.842836650218
544.906066895,0.83164913478
545.200866699,0.864999280032
545.495605469,0.87093218827
545.790344238,0.840815080394
546.085083008,0.840780095401
546.379760742,0.823912856788
546.674377441,0.828682487269
546.968994141,0.861592970154
547.26361084,0.897552220037
547.558166504,0.849729008322
547.852661133,0.817320419513
548.147216797,0.873592054413
548.441650391,0.843616156808
548.736083984,0.825059265243
549.030517578,0.851376332361
549.324890137,0.852781777738
549.619262695,0.85529192428
549.913635254,0.82803674639
550.207885742,0.831974527469
550.502197266,0.856822717991
550.796447754,0.852567218902
551.090637207,0.875316588872
551.38482666,0.853208699149
551.679016113,0.83219773251
551.973144531,0.840075718133
552.267211914,0.845017498142
552.561279297,0.858855737651
552.85534668,0.870968312975
553.149414062,0.876477195951
553.443359375,0.874437621974
553.737304688,0.87651024018
554.03125,0.898176592882
554.325195312,0.878447605365
554.619018555,0.852205020231
554.912902832,0.870114174904
555.206726074,0.845732617383
555.500488281,0.847082201228
555.794250488,0.884195936929
556.088012695,0.859243450061
556.381713867,0.823201850331
556.675415039,0.818640792287
556.969055176,0.836575075332
557.262695312,0.833495128314
557.556274414,0.870706503727
557.849853516,0.885854393359
558.143371582,0.882422522195
558.436889648,0.916402121365
558.730407715,0.878196185349
559.023864746,0.864147589641
559.317260742,0.914034357728
559.610656738,0.915157835643
559.904052734,0.917818779954
560.197387695,0.942128311641
560.490722656,0.892998423632
560.783996582,0.879028488321
561.077270508,0.892419019334
561.370483398,0.865421284283
561.663757324,0.843505650398
561.95690918,0.847930485974
562.250061035,0.870488086704
562.543212891,0.873745643768
562.836303711,0.864086353809
563.129394531,0.86422936198
563.422424316,0.852124143881
563.715454102,0.881927644492
564.008422852,0.895073020617
564.301391602,0.884258452858
564.594360352,0.915158411119
564.887268066,0.890026189249
565.180175781,0.847784349197
565.473022461,0.867264470645
565.765808105,0.885175839399
566.058654785,0.874219950591
566.351379395,0.854900418417
566.644165039,0.878932041039
566.936889648,0.91473533061
567.229614258,0.917556259184
567.522277832,0.913896191814
567.814880371,0.899109571746
568.10748291,0.879282613068
568.400085449,0.884258980977
568.692687988,0.912227055406
568.985168457,0.913218467486
569.277709961,0.897907655574
569.57019043,0.889883840378
569.862670898,0.902538404695
570.155090332,0.896550705851
570.447509766,0.878366046732
570.739868164,0.894140812115
571.032226562,0.914302261053
571.324523926,0.916620028838
571.616882324,0.919628816404
571.909118652,0.919527013281
572.20135498,0.923428522896
572.493591309,0.914552699921
572.785827637,0.902427862617
573.077941895,0.90897418071
573.370117188,0.906212037461
573.662231445,0.888516821991
573.954345703,0.895799975139
574.246398926,0.908991375915
574.538452148,0.914340793898
574.830444336,0.90333195307
575.122436523,0.890625903043
575.414367676,0.894506036508
575.706298828,0.909003607703
575.99822998,0.926838910694
576.290161133,0.913766582967
576.581970215,0.91499716015
576.873779297,0.91665637607
577.165588379,0.906863565
577.457397461,0.933590156346
577.749145508,0.944366405814
578.040893555,0.916008011057
578.332580566,0.916572724988
578.624267578,0.930852221359
578.915893555,0.934726399088
579.207519531,0.904016830905
579.499145508,0.889331495898
579.790710449,0.904454889959
580.082275391,0.908765468591
580.373840332,0.922230670177
580.665344238,0.929828144579
580.956787109,0.926164833917
581.24822998,0.926625129229
581.539672852,0.921077007421
581.831054688,0.918064505948
582.122436523,0.924401462489
582.413818359,0.924834386093
582.70513916,0.936137828811
582.996398926,0.937424775507
583.287719727,0.923446665691
583.578979492,0.92083587214
583.870178223,0.930565621831
584.161376953,0.926625216646
584.452575684,0.91707839998
584.743713379,0.929580897392
585.034851074,0.933795898415
585.325927734,0.920959132671
585.617004395,0.929391557248
585.908081055,0.931073959219
586.19909668,0.91670833868
586.490112305,0.915866018723
586.781066895,0.926800392289
587.072021484,0.926273544971
587.362976074,0.927202914633
587.653869629,0.934203873353
587.944763184,0.925569815228
588.235595703,0.919580092204
588.526428223,0.924432766372
588.817260742,0.927591640544
589.108032227,0.909308715432
589.398803711,0.913718270389
589.68951416,0.93821620636
589.980224609,0.946719672405
590.270935059,0.952197542904
590.561584473,0.933705604301
590.852233887,0.911448910967
591.142822266,0.939271161412
591.433410645,0.947014801056
591.723999023,0.925654275699
592.014526367,0.944676304811
592.305053711,0.950568698909
592.59552002,0.913405434369
592.885986328,0.926677734979
593.176452637,0.948153879631
593.46685791,0.944299928819
593.757263184,0.924548716162
594.047668457,0.924284237142
594.338012695,0.95742680348
594.628295898,0.946958892399
594.918640137,0.942903407956
595.20892334,0.93027645241
595.499145508,0.90889272728
595.789428711,0.91326391554
596.079650879,0.901552523805
596.369812012,0.938715789749
596.659973145,0.968568683373
596.950134277,0.933423813486
597.240234375,0.933056680731
597.530334473,0.961224284115
597.820373535,0.984060347766
598.110412598,0.961906573848
598.40045166,0.941117601424
598.690429688,0.945088580283
598.980407715,0.945245288384
599.270385742,0.968873369677
599.560302734,0.976725085798
599.850219727,0.948779874862
600.140075684,0.938335390878
600.429931641,0.945473024586
600.719787598,0.940915110976
601.009643555,0.945920036864
601.299377441,0.952208082487
601.589172363,0.953071108372
601.87890625,0.927494605269
602.168579102,0.92496413068
602.458374023,0.951660179457
602.748046875,0.934668293629
603.037658691,0.92236281221
603.327270508,0.94582766762
603.616882324,0.94448448805
603.906494141,0.951224867395
604.196044922,0.972245286297
604.485595703,0.975654222263
604.775085449,0.982322625269
605.06463623,0.963860993545
605.354064941,0.964254185412
605.643554688,0.959134516732
605.932922363,0.943207967815
606.222351074,0.967111448687
606.511779785,0.9582368886
606.801086426,0.963088343423
607.090393066,0.969606613148
607.379760742,0.933917090751
607.669067383,0.934575645639
607.958312988,0.945701248147
608.247558594,0.958445570474
608.536804199,0.959663787709
608.82598877,0.963355929464
609.11517334,0.982043312042
609.40435791,0.956057507545
609.693481445,0.946761060314
609.98260498,0.967842218359
610.27166748,0.959130155891
610.56072998,0.947112481956
610.849853516,0.953414943198
611.13885498,0.963368413813
611.427856445,0.957278831656
611.71685791,0.941704415677
612.00579834,0.930391374376
612.29473877,0.945763544042
612.583618164,0.954939001258
612.872558594,0.951129312698
613.161437988,0.950069060209
613.450317383,0.926789016742
613.739135742,0.946477461867
614.027954102,0.992491289922
614.316711426,0.983972813671
614.60546875,0.940601526511
614.894226074,0.941903790991
615.182983398,0.987871124022
615.471679688,0.979386114895
615.760375977,0.964435082416
616.04901123,0.988827262939
616.337646484,0.973872947013
616.626281738,0.937136549381
616.914855957,0.940288780346
617.203491211,0.955368138082
617.492004395,0.960319924043
617.780517578,0.97564186083
618.069091797,0.987277396423
618.357543945,0.967524010156
618.645996094,0.944877686537
618.934509277,0.981820855272
619.222900391,0.989127911477
619.511291504,0.944465461841
619.799682617,0.990922755823
620.08807373,1.03263691974
620.376464844,0.978345696468
620.664733887,0.950343814743
620.953063965,0.948287865875
621.241333008,0.939572985179
621.529602051,0.934630839151
621.817810059,0.979379768684
622.106079102,0.992753067435
622.394287109,0.967722183076
622.682434082,0.992278823642
622.970581055,0.993372738295
623.258728027,0.979497986987
623.546875,0.97627408876
623.834960938,0.942881496878
624.123046875,0.949600457397
624.411071777,0.967290075118
624.699157715,0.9291809143
624.987182617,0.935266311378
625.275146484,0.949610169665
625.563110352,0.941378750381
625.851074219,0.965142707518
626.139038086,1.02359146075
626.426940918,1.0091593634
626.71484375,0.938968514029
627.002685547,0.917207435666
627.290527344,0.933783630312
627.578369141,0.952254428448
627.866210938,1.00771841109
628.153991699,1.01106682
628.441772461,0.979358323791
628.729553223,0.949018138997
629.017272949,0.935541664101
629.304992676,0.987750345338
629.592651367,0.989091924418
629.880310059,0.949984523021
630.168029785,0.925373202426
630.455627441,0.886350925373
630.743286133,0.941549958467
631.030883789,1.01305908719
631.318481445,0.94623739959
631.606018066,0.877989696376
631.893554688,0.917834302959
632.181091309,0.970534543127
632.468566895,0.986816978851
632.75604248,0.945721218515
633.043518066,0.926321433791
633.330932617,1.00052122016
633.618408203,0.988814070683
633.905761719,0.891841805275
634.193115234,0.924921419309
634.480529785,1.01999536218
634.767883301,1.01676976988
635.055175781,0.978383375064
635.342468262,0.950949117808
635.629821777,0.945767546442
635.917053223,0.995499097572
636.204345703,1.10710124231
636.491516113,1.0458730265
636.778747559,0.959428884231
637.065917969,1.03527767232
637.353149414,1.04631292775
637.640258789,0.979835949737
637.927429199,0.975823276513
638.214477539,0.963772210922
638.501647949,0.98581118061
638.788696289,0.98369088311
639.075744629,1.02435475013
639.362792969,1.05192900199
639.649841309,0.971434461213
639.936828613,0.974713110947
640.223815918,0.962535672857
640.510803223,0.912322895443
640.797729492,0.984676347837
641.084655762,1.02542043963
641.371582031,0.985547384711
641.658447266,0.946609806898
641.945373535,0.899303871217
642.232177734,0.907104828677
642.519042969,0.934198056598
642.805847168,0.988224719131
643.092651367,1.06717365462
643.379455566,1.13209704472
643.66619873,0.865209733009
643.952941895,0.863060154982
644.239685059,1.06363953724
644.526428223,1.02173809527
644.813110352,0.877221399199
645.099731445,0.921950056018
645.386413574,1.03230119691
645.673095703,0.916411702109
645.959655762,0.909743951262
646.246276855,0.986564723327
646.532836914,1.0749184852
646.819396973,1.0623964681
647.105957031,0.963444131598
647.39251709,0.967570112636
647.679016113,1.00104298256
647.965515137,0.962474309217
648.25201416,0.998794509721
648.538452148,0.936068123928
648.824890137,0.944373239152
649.111328125,0.963756891514
649.397766113,0.860216683686
649.684143066,0.92405514926
649.970458984,0.933259114252
650.256835938,0.942614862288
650.543151855,0.966677256011
650.829528809,0.948984508829
651.115844727,0.973472976424
651.402099609,0.995759664967
651.688354492,0.967887954852
651.974609375,0.961857602755
652.260864258,0.985872001158
652.547058105,0.982405204297
652.833251953,0.970411305676
653.119445801,0.967810880961
653.405639648,0.962443352219
653.691772461,0.971203515133
653.977905273,0.988751227864
654.263977051,0.984850163298
654.550109863,0.971969175622
654.836181641,0.967778570495
655.122253418,0.972674711981
655.40826416,0.738652751626
655.694335938,0.85051249108
655.98034668,0.780081418885
656.266296387,0.814844631875
656.552307129,1.13733097925
656.838256836,1.26233898366
657.124206543,1.30034160296
657.41015625,1.09325172483
657.696044922,1.03742951162
657.981933594,1.16818055934
658.267822266,0.906280238192
658.553649902,0.857691108731
